record_id,business_date,month_start,region,product_category,channel,source_system,gross_sales,returns_amount,net_revenue,units_sold,inventory_on_hand,feed_received_flag,refresh_timestamp
1,2025-01-01,2025-01-01,North America,Fashion Jewelry,Store,POS,1410184,67689,1342495,45490,86431,Y,2025-01-01 06:15:00
2,2025-01-01,2025-01-01,North America,Fashion Jewelry,Ecommerce,Digital Commerce,485917,29641,456276,15675,8621,Y,2025-01-01 06:15:00
3,2025-01-01,2025-01-01,North America,Beauty,Store,POS,1103330,52960,1050370,42436,80628,Y,2025-01-01 06:15:00
4,2025-01-01,2025-01-01,North America,Beauty,Ecommerce,Digital Commerce,382716,23346,359370,14720,8096,Y,2025-01-01 06:15:00
5,2025-01-01,2025-01-01,North America,Accessories,Store,POS,1054909,50636,1004273,27049,51393,Y,2025-01-01 06:15:00
6,2025-01-01,2025-01-01,North America,Accessories,Ecommerce,Digital Commerce,365625,22303,343322,9375,5156,Y,2025-01-01 06:15:00
7,2025-01-01,2025-01-01,North America,Seasonal,Store,POS,1245364,59777,1185587,40173,76329,Y,2025-01-01 06:15:00
8,2025-01-01,2025-01-01,North America,Seasonal,Ecommerce,Digital Commerce,430756,26276,404480,13895,7642,Y,2025-01-01 06:15:00
9,2025-01-01,2025-01-01,Europe,Fashion Jewelry,Store,POS,1212175,58184,1153991,39102,74294,Y,2025-01-01 06:15:00
10,2025-01-01,2025-01-01,Europe,Fashion Jewelry,Ecommerce,Digital Commerce,416700,25419,391281,13442,7393,Y,2025-01-01 06:15:00
11,2025-01-01,2025-01-01,Europe,Beauty,Store,POS,948318,45519,902799,36474,69301,Y,2025-01-01 06:15:00
12,2025-01-01,2025-01-01,Europe,Beauty,Ecommerce,Digital Commerce,328117,20015,308102,12620,6941,Y,2025-01-01 06:15:00
13,2025-01-01,2025-01-01,Europe,Accessories,Store,POS,906512,43513,862999,23244,44164,Y,2025-01-01 06:15:00
14,2025-01-01,2025-01-01,Europe,Accessories,Ecommerce,Digital Commerce,313276,19110,294166,8033,4418,Y,2025-01-01 06:15:00
15,2025-01-01,2025-01-01,Europe,Seasonal,Store,POS,1070508,51384,1019124,34533,65613,Y,2025-01-01 06:15:00
16,2025-01-01,2025-01-01,Europe,Seasonal,Ecommerce,Digital Commerce,369411,22534,346877,11916,6554,Y,2025-01-01 06:15:00
17,2025-01-01,2025-01-01,Asia,Fashion Jewelry,Store,POS,1108047,53186,1054861,35743,67912,Y,2025-01-01 06:15:00
18,2025-01-01,2025-01-01,Asia,Fashion Jewelry,Ecommerce,Digital Commerce,380755,23226,357529,12282,6755,Y,2025-01-01 06:15:00
19,2025-01-01,2025-01-01,Asia,Beauty,Store,POS,866953,41614,825339,33344,63354,Y,2025-01-01 06:15:00
20,2025-01-01,2025-01-01,Asia,Beauty,Ecommerce,Digital Commerce,299912,18295,281617,11535,6344,Y,2025-01-01 06:15:00
21,2025-01-01,2025-01-01,Asia,Accessories,Store,POS,828648,39775,788873,21247,40369,Y,2025-01-01 06:15:00
22,2025-01-01,2025-01-01,Asia,Accessories,Ecommerce,Digital Commerce,286261,17462,268799,7340,4037,Y,2025-01-01 06:15:00
23,2025-01-01,2025-01-01,Asia,Seasonal,Store,POS,978636,46975,931661,31569,59981,Y,2025-01-01 06:15:00
24,2025-01-01,2025-01-01,Asia,Seasonal,Ecommerce,Digital Commerce,337634,20596,317038,10891,5990,Y,2025-01-01 06:15:00
25,2025-01-01,2025-01-01,LATAM,Fashion Jewelry,Store,POS,947755,45492,902263,30573,58089,Y,2025-01-01 06:15:00
26,2025-01-01,2025-01-01,LATAM,Fashion Jewelry,Ecommerce,Digital Commerce,326527,19918,306609,10533,5793,Y,2025-01-01 06:15:00
27,2025-01-01,2025-01-01,LATAM,Beauty,Store,POS,742070,35619,706451,28541,54228,Y,2025-01-01 06:15:00
28,2025-01-01,2025-01-01,LATAM,Beauty,Ecommerce,Digital Commerce,257722,15721,242001,9912,5452,Y,2025-01-01 06:15:00
29,2025-01-01,2025-01-01,LATAM,Accessories,Store,POS,709213,34042,675171,18185,34552,Y,2025-01-01 06:15:00
30,2025-01-01,2025-01-01,LATAM,Accessories,Ecommerce,Digital Commerce,245924,15001,230923,6306,3468,Y,2025-01-01 06:15:00
31,2025-01-01,2025-01-01,LATAM,Seasonal,Store,POS,837411,40196,797215,27013,51325,Y,2025-01-01 06:15:00
32,2025-01-01,2025-01-01,LATAM,Seasonal,Ecommerce,Digital Commerce,289887,17683,272204,9351,5143,Y,2025-01-01 06:15:00
33,2025-02-01,2025-02-01,North America,Fashion Jewelry,Store,POS,1442241,69228,1373013,46524,88396,Y,2025-02-01 06:15:00
34,2025-02-01,2025-02-01,North America,Fashion Jewelry,Ecommerce,Digital Commerce,501635,30600,471035,16182,8900,Y,2025-02-01 06:15:00
35,2025-02-01,2025-02-01,North America,Beauty,Store,POS,1129932,54237,1075695,43459,82572,Y,2025-02-01 06:15:00
36,2025-02-01,2025-02-01,North America,Beauty,Ecommerce,Digital Commerce,396578,24191,372387,15253,8389,Y,2025-02-01 06:15:00
37,2025-02-01,2025-02-01,North America,Accessories,Store,POS,1080672,51872,1028800,27710,52649,Y,2025-02-01 06:15:00
38,2025-02-01,2025-02-01,North America,Accessories,Ecommerce,Digital Commerce,379203,23131,356072,9723,5348,Y,2025-02-01 06:15:00
39,2025-02-01,2025-02-01,North America,Seasonal,Store,POS,1274484,61175,1213309,41112,78113,Y,2025-02-01 06:15:00
40,2025-02-01,2025-02-01,North America,Seasonal,Ecommerce,Digital Commerce,445475,27174,418301,14370,7904,Y,2025-02-01 06:15:00
41,2025-02-01,2025-02-01,Europe,Fashion Jewelry,Store,POS,1240783,59558,1181225,40025,76048,Y,2025-02-01 06:15:00
42,2025-02-01,2025-02-01,Europe,Fashion Jewelry,Ecommerce,Digital Commerce,431245,26306,404939,13911,7651,Y,2025-02-01 06:15:00
43,2025-02-01,2025-02-01,Europe,Beauty,Store,POS,972231,46667,925564,37394,71049,Y,2025-02-01 06:15:00
44,2025-02-01,2025-02-01,Europe,Beauty,Ecommerce,Digital Commerce,341066,20805,320261,13118,7215,Y,2025-02-01 06:15:00
45,2025-02-01,2025-02-01,Europe,Accessories,Store,POS,929702,44626,885076,23839,45294,Y,2025-02-01 06:15:00
46,2025-02-01,2025-02-01,Europe,Accessories,Ecommerce,Digital Commerce,325979,19885,306094,8358,4597,Y,2025-02-01 06:15:00
47,2025-02-01,2025-02-01,Europe,Seasonal,Store,POS,1096587,52636,1043951,35374,67211,Y,2025-02-01 06:15:00
48,2025-02-01,2025-02-01,Europe,Seasonal,Ecommerce,Digital Commerce,383096,23369,359727,12358,6797,Y,2025-02-01 06:15:00
49,2025-02-01,2025-02-01,Asia,Fashion Jewelry,Store,POS,1134828,54472,1080356,36607,69553,Y,2025-02-01 06:15:00
50,2025-02-01,2025-02-01,Asia,Fashion Jewelry,Ecommerce,Digital Commerce,394679,24075,370604,12732,7003,Y,2025-02-01 06:15:00
51,2025-02-01,2025-02-01,Asia,Beauty,Store,POS,889441,42693,846748,34209,64997,Y,2025-02-01 06:15:00
52,2025-02-01,2025-02-01,Asia,Beauty,Ecommerce,Digital Commerce,312376,19055,293321,12014,6608,Y,2025-02-01 06:15:00
53,2025-02-01,2025-02-01,Asia,Accessories,Store,POS,850477,40823,809654,21807,41433,Y,2025-02-01 06:15:00
54,2025-02-01,2025-02-01,Asia,Accessories,Ecommerce,Digital Commerce,298501,18209,280292,7654,4210,Y,2025-02-01 06:15:00
55,2025-02-01,2025-02-01,Asia,Seasonal,Store,POS,1003106,48149,954957,32358,61480,Y,2025-02-01 06:15:00
56,2025-02-01,2025-02-01,Asia,Seasonal,Ecommerce,Digital Commerce,350771,21397,329374,11315,6223,Y,2025-02-01 06:15:00
57,2025-02-01,2025-02-01,LATAM,Fashion Jewelry,Store,POS,971695,46641,925054,31345,59556,Y,2025-02-01 06:15:00
58,2025-02-01,2025-02-01,LATAM,Fashion Jewelry,Ecommerce,Digital Commerce,339484,20709,318775,10951,6023,Y,2025-02-01 06:15:00
59,2025-02-01,2025-02-01,LATAM,Beauty,Store,POS,762343,36592,725751,29321,55710,Y,2025-02-01 06:15:00
60,2025-02-01,2025-02-01,LATAM,Beauty,Ecommerce,Digital Commerce,269433,16435,252998,10363,5700,Y,2025-02-01 06:15:00
61,2025-02-01,2025-02-01,LATAM,Accessories,Store,POS,728922,34988,693934,18690,35511,Y,2025-02-01 06:15:00
62,2025-02-01,2025-02-01,LATAM,Accessories,Ecommerce,Digital Commerce,257443,15704,241739,6601,3631,Y,2025-02-01 06:15:00
63,2025-02-01,2025-02-01,LATAM,Seasonal,Store,POS,859376,41250,818126,27722,52672,Y,2025-02-01 06:15:00
64,2025-02-01,2025-02-01,LATAM,Seasonal,Ecommerce,Digital Commerce,302174,18433,283741,9748,5361,Y,2025-02-01 06:15:00
65,2025-03-01,2025-03-01,North America,Fashion Jewelry,Store,POS,1460210,70090,1390120,47104,89498,Y,2025-03-01 06:15:00
66,2025-03-01,2025-03-01,North America,Fashion Jewelry,Ecommerce,Digital Commerce,512562,31266,481296,16534,9094,Y,2025-03-01 06:15:00
67,2025-03-01,2025-03-01,North America,Beauty,Store,POS,1145550,54986,1090564,44060,83714,Y,2025-03-01 06:15:00
68,2025-03-01,2025-03-01,North America,Beauty,Ecommerce,Digital Commerce,406707,24809,381898,15643,8604,Y,2025-03-01 06:15:00
69,2025-03-01,2025-03-01,North America,Accessories,Store,POS,1095928,52605,1043323,28101,53392,Y,2025-03-01 06:15:00
70,2025-03-01,2025-03-01,North America,Accessories,Ecommerce,Digital Commerce,389208,23742,365466,9980,5489,Y,2025-03-01 06:15:00
71,2025-03-01,2025-03-01,North America,Seasonal,Store,POS,1291187,61977,1229210,41651,79137,Y,2025-03-01 06:15:00
72,2025-03-01,2025-03-01,North America,Seasonal,Ecommerce,Digital Commerce,455972,27814,428158,14709,8090,Y,2025-03-01 06:15:00
73,2025-03-01,2025-03-01,Europe,Fashion Jewelry,Store,POS,1257265,60349,1196916,40557,77058,Y,2025-03-01 06:15:00
74,2025-03-01,2025-03-01,Europe,Fashion Jewelry,Ecommerce,Digital Commerce,441667,26942,414725,14247,7836,Y,2025-03-01 06:15:00
75,2025-03-01,2025-03-01,Europe,Beauty,Store,POS,986690,47361,939329,37950,72105,Y,2025-03-01 06:15:00
76,2025-03-01,2025-03-01,Europe,Beauty,Ecommerce,Digital Commerce,350800,21399,329401,13492,7421,Y,2025-03-01 06:15:00
77,2025-03-01,2025-03-01,Europe,Accessories,Store,POS,943850,45305,898545,24201,45982,Y,2025-03-01 06:15:00
78,2025-03-01,2025-03-01,Europe,Accessories,Ecommerce,Digital Commerce,335607,20472,315135,8605,4733,Y,2025-03-01 06:15:00
79,2025-03-01,2025-03-01,Europe,Seasonal,Store,POS,1111980,53375,1058605,35870,68153,Y,2025-03-01 06:15:00
80,2025-03-01,2025-03-01,Europe,Seasonal,Ecommerce,Digital Commerce,393148,23982,369166,12682,6975,Y,2025-03-01 06:15:00
81,2025-03-01,2025-03-01,Asia,Fashion Jewelry,Store,POS,1150523,55225,1095298,37114,70517,Y,2025-03-01 06:15:00
82,2025-03-01,2025-03-01,Asia,Fashion Jewelry,Ecommerce,Digital Commerce,404833,24695,380138,13059,7182,Y,2025-03-01 06:15:00
83,2025-03-01,2025-03-01,Asia,Beauty,Store,POS,903287,43358,859929,34742,66010,Y,2025-03-01 06:15:00
84,2025-03-01,2025-03-01,Asia,Beauty,Ecommerce,Digital Commerce,321902,19636,302266,12381,6810,Y,2025-03-01 06:15:00
85,2025-03-01,2025-03-01,Asia,Accessories,Store,POS,864037,41474,822563,22155,42094,Y,2025-03-01 06:15:00
86,2025-03-01,2025-03-01,Asia,Accessories,Ecommerce,Digital Commerce,307930,18784,289146,7896,4343,Y,2025-03-01 06:15:00
87,2025-03-01,2025-03-01,Asia,Seasonal,Store,POS,1017805,48855,968950,32832,62381,Y,2025-03-01 06:15:00
88,2025-03-01,2025-03-01,Asia,Seasonal,Ecommerce,Digital Commerce,360587,21996,338591,11632,6398,Y,2025-03-01 06:15:00
89,2025-03-01,2025-03-01,LATAM,Fashion Jewelry,Store,POS,986166,47336,938830,31812,60443,Y,2025-03-01 06:15:00
90,2025-03-01,2025-03-01,LATAM,Fashion Jewelry,Ecommerce,Digital Commerce,349222,21303,327919,11265,6196,Y,2025-03-01 06:15:00
91,2025-03-01,2025-03-01,LATAM,Beauty,Store,POS,775234,37211,738023,29817,56652,Y,2025-03-01 06:15:00
92,2025-03-01,2025-03-01,LATAM,Beauty,Ecommerce,Digital Commerce,278634,16997,261637,10717,5894,Y,2025-03-01 06:15:00
93,2025-03-01,2025-03-01,LATAM,Accessories,Store,POS,741570,35595,705975,19015,36128,Y,2025-03-01 06:15:00
94,2025-03-01,2025-03-01,LATAM,Accessories,Ecommerce,Digital Commerce,266561,16260,250301,6835,3759,Y,2025-03-01 06:15:00
95,2025-03-01,2025-03-01,LATAM,Seasonal,Store,POS,872997,41904,831093,28161,53506,Y,2025-03-01 06:15:00
96,2025-03-01,2025-03-01,LATAM,Seasonal,Ecommerce,Digital Commerce,311623,19009,292614,10052,5529,Y,2025-03-01 06:15:00
97,2025-04-01,2025-04-01,North America,Fashion Jewelry,Store,POS,1461479,70151,1391328,47144,89574,Y,2025-04-01 06:15:00
98,2025-04-01,2025-04-01,North America,Fashion Jewelry,Ecommerce,Digital Commerce,517812,31587,486225,16704,9187,Y,2025-04-01 06:15:00
99,2025-04-01,2025-04-01,North America,Beauty,Store,POS,1148148,55111,1093037,44160,83904,Y,2025-04-01 06:15:00
100,2025-04-01,2025-04-01,North America,Beauty,Ecommerce,Digital Commerce,412408,25157,387251,15862,8724,Y,2025-04-01 06:15:00
101,2025-04-01,2025-04-01,North America,Accessories,Store,POS,1098731,52739,1045992,28173,53529,Y,2025-04-01 06:15:00
102,2025-04-01,2025-04-01,North America,Accessories,Ecommerce,Digital Commerce,394979,24094,370885,10128,5570,Y,2025-04-01 06:15:00
103,2025-04-01,2025-04-01,North America,Seasonal,Store,POS,1293172,62072,1231100,41715,79258,Y,2025-04-01 06:15:00
104,2025-04-01,2025-04-01,North America,Seasonal,Ecommerce,Digital Commerce,461465,28149,433316,14886,8187,Y,2025-04-01 06:15:00
105,2025-04-01,2025-04-01,Europe,Fashion Jewelry,Store,POS,1259374,60450,1198924,40625,77188,Y,2025-04-01 06:15:00
106,2025-04-01,2025-04-01,Europe,Fashion Jewelry,Ecommerce,Digital Commerce,447202,27279,419923,14426,7934,Y,2025-04-01 06:15:00
107,2025-04-01,2025-04-01,Europe,Beauty,Store,POS,989943,47517,942426,38075,72342,Y,2025-04-01 06:15:00
108,2025-04-01,2025-04-01,Europe,Beauty,Ecommerce,Digital Commerce,356724,21760,334964,13720,7546,Y,2025-04-01 06:15:00
109,2025-04-01,2025-04-01,Europe,Accessories,Store,POS,947279,45469,901810,24289,46149,Y,2025-04-01 06:15:00
110,2025-04-01,2025-04-01,Europe,Accessories,Ecommerce,Digital Commerce,341591,20837,320754,8759,4817,Y,2025-04-01 06:15:00
111,2025-04-01,2025-04-01,Europe,Seasonal,Store,POS,1114705,53506,1061199,35958,68320,Y,2025-04-01 06:15:00
112,2025-04-01,2025-04-01,Europe,Seasonal,Ecommerce,Digital Commerce,398892,24332,374560,12867,7077,Y,2025-04-01 06:15:00
113,2025-04-01,2025-04-01,Asia,Fashion Jewelry,Store,POS,1153077,55348,1097729,37196,70672,Y,2025-04-01 06:15:00
114,2025-04-01,2025-04-01,Asia,Fashion Jewelry,Ecommerce,Digital Commerce,410520,25042,385478,13243,7284,Y,2025-04-01 06:15:00
115,2025-04-01,2025-04-01,Asia,Beauty,Store,POS,906887,43531,863356,34880,66272,Y,2025-04-01 06:15:00
116,2025-04-01,2025-04-01,Asia,Beauty,Ecommerce,Digital Commerce,327944,20005,307939,12613,6937,Y,2025-04-01 06:15:00
117,2025-04-01,2025-04-01,Asia,Accessories,Store,POS,867798,41654,826144,22251,42277,Y,2025-04-01 06:15:00
118,2025-04-01,2025-04-01,Asia,Accessories,Ecommerce,Digital Commerce,314026,19156,294870,8052,4429,Y,2025-04-01 06:15:00
119,2025-04-01,2025-04-01,Asia,Seasonal,Store,POS,1020923,49004,971919,32933,62573,Y,2025-04-01 06:15:00
120,2025-04-01,2025-04-01,Asia,Seasonal,Ecommerce,Digital Commerce,366465,22354,344111,11821,6502,Y,2025-04-01 06:15:00
121,2025-04-01,2025-04-01,LATAM,Fashion Jewelry,Store,POS,989412,47492,941920,31917,60642,Y,2025-04-01 06:15:00
122,2025-04-01,2025-04-01,LATAM,Fashion Jewelry,Ecommerce,Digital Commerce,355144,21664,333480,11456,6301,Y,2025-04-01 06:15:00
123,2025-04-01,2025-04-01,LATAM,Beauty,Store,POS,779374,37410,741964,29976,56954,Y,2025-04-01 06:15:00
124,2025-04-01,2025-04-01,LATAM,Beauty,Ecommerce,Digital Commerce,284860,17376,267484,10956,6026,Y,2025-04-01 06:15:00
125,2025-04-01,2025-04-01,LATAM,Accessories,Store,POS,745847,35801,710046,19124,36336,Y,2025-04-01 06:15:00
126,2025-04-01,2025-04-01,LATAM,Accessories,Ecommerce,Digital Commerce,272834,16643,256191,6996,3848,Y,2025-04-01 06:15:00
127,2025-04-01,2025-04-01,LATAM,Seasonal,Store,POS,876724,42083,834641,28281,53734,Y,2025-04-01 06:15:00
128,2025-04-01,2025-04-01,LATAM,Seasonal,Ecommerce,Digital Commerce,317708,19380,298328,10249,5637,Y,2025-04-01 06:15:00
129,2025-05-01,2025-05-01,North America,Fashion Jewelry,Store,POS,1447524,69481,1378043,46694,88719,Y,2025-05-01 06:15:00
130,2025-05-01,2025-05-01,North America,Fashion Jewelry,Ecommerce,Digital Commerce,517885,31591,486294,16706,9188,Y,2025-05-01 06:15:00
131,2025-05-01,2025-05-01,North America,Beauty,Store,POS,1138877,54666,1084211,43803,83226,Y,2025-05-01 06:15:00
132,2025-05-01,2025-05-01,North America,Beauty,Ecommerce,Digital Commerce,414074,25259,388815,15926,8759,Y,2025-05-01 06:15:00
133,2025-05-01,2025-05-01,North America,Accessories,Store,POS,1090180,52329,1037851,27953,53111,Y,2025-05-01 06:15:00
134,2025-05-01,2025-05-01,North America,Accessories,Ecommerce,Digital Commerce,396889,24210,372679,10177,5597,Y,2025-05-01 06:15:00
135,2025-05-01,2025-05-01,North America,Seasonal,Store,POS,1281739,61523,1220216,41346,78557,Y,2025-05-01 06:15:00
136,2025-05-01,2025-05-01,North America,Seasonal,Ecommerce,Digital Commerce,462396,28206,434190,14916,8204,Y,2025-05-01 06:15:00
137,2025-05-01,2025-05-01,Europe,Fashion Jewelry,Store,POS,1248382,59922,1188460,40270,76513,Y,2025-05-01 06:15:00
138,2025-05-01,2025-05-01,Europe,Fashion Jewelry,Ecommerce,Digital Commerce,448282,27345,420937,14461,7954,Y,2025-05-01 06:15:00
139,2025-05-01,2025-05-01,Europe,Beauty,Store,POS,982981,47183,935798,37807,71833,Y,2025-05-01 06:15:00
140,2025-05-01,2025-05-01,Europe,Beauty,Ecommerce,Digital Commerce,359175,21910,337265,13814,7598,Y,2025-05-01 06:15:00
141,2025-05-01,2025-05-01,Europe,Accessories,Store,POS,940937,45165,895772,24127,45841,Y,2025-05-01 06:15:00
142,2025-05-01,2025-05-01,Europe,Accessories,Ecommerce,Digital Commerce,344253,20999,323254,8827,4855,Y,2025-05-01 06:15:00
143,2025-05-01,2025-05-01,Europe,Seasonal,Store,POS,1105883,53082,1052801,35674,67781,Y,2025-05-01 06:15:00
144,2025-05-01,2025-05-01,Europe,Seasonal,Ecommerce,Digital Commerce,400711,24443,376268,12926,7109,Y,2025-05-01 06:15:00
145,2025-05-01,2025-05-01,Asia,Fashion Jewelry,Store,POS,1143653,54895,1088758,36892,70095,Y,2025-05-01 06:15:00
146,2025-05-01,2025-05-01,Asia,Fashion Jewelry,Ecommerce,Digital Commerce,412133,25140,386993,13295,7312,Y,2025-05-01 06:15:00
147,2025-05-01,2025-05-01,Asia,Beauty,Store,POS,901147,43255,857892,34660,65854,Y,2025-05-01 06:15:00
148,2025-05-01,2025-05-01,Asia,Beauty,Ecommerce,Digital Commerce,330810,20179,310631,12723,6998,Y,2025-05-01 06:15:00
149,2025-05-01,2025-05-01,Asia,Accessories,Store,POS,862625,41406,821219,22119,42026,Y,2025-05-01 06:15:00
150,2025-05-01,2025-05-01,Asia,Accessories,Ecommerce,Digital Commerce,317086,19342,297744,8130,4472,Y,2025-05-01 06:15:00
151,2025-05-01,2025-05-01,Asia,Seasonal,Store,POS,1013482,48647,964835,32693,62117,Y,2025-05-01 06:15:00
152,2025-05-01,2025-05-01,Asia,Seasonal,Ecommerce,Digital Commerce,368753,22494,346259,11895,6542,Y,2025-05-01 06:15:00
153,2025-05-01,2025-05-01,LATAM,Fashion Jewelry,Store,POS,982426,47156,935270,31691,60213,Y,2025-05-01 06:15:00
154,2025-05-01,2025-05-01,LATAM,Fashion Jewelry,Ecommerce,Digital Commerce,357587,21813,335774,11535,6344,Y,2025-05-01 06:15:00
155,2025-05-01,2025-05-01,LATAM,Beauty,Store,POS,775536,37226,738310,29828,56673,N,2025-05-02 12:45:00
156,2025-05-01,2025-05-01,LATAM,Beauty,Ecommerce,Digital Commerce,288373,17591,270782,11091,6100,Y,2025-05-01 06:15:00
157,2025-05-01,2025-05-01,LATAM,Accessories,Store,POS,742493,35640,706853,19038,36172,Y,2025-05-01 06:15:00
158,2025-05-01,2025-05-01,LATAM,Accessories,Ecommerce,Digital Commerce,276511,16867,259644,7090,3900,Y,2025-05-01 06:15:00
159,2025-05-01,2025-05-01,LATAM,Seasonal,Store,POS,871433,41829,829604,28111,53411,Y,2025-05-01 06:15:00
160,2025-05-01,2025-05-01,LATAM,Seasonal,Ecommerce,Digital Commerce,320727,19564,301163,10346,5690,Y,2025-05-01 06:15:00
161,2025-06-01,2025-06-01,North America,Fashion Jewelry,Store,POS,1423550,68330,1355220,45921,87250,Y,2025-06-01 06:15:00
162,2025-06-01,2025-06-01,North America,Fashion Jewelry,Ecommerce,Digital Commerce,514552,31388,483164,16598,9129,Y,2025-06-01 06:15:00
163,2025-06-01,2025-06-01,North America,Beauty,Store,POS,1121794,53846,1067948,43146,81977,Y,2025-06-01 06:15:00
164,2025-06-01,2025-06-01,North America,Beauty,Ecommerce,Digital Commerce,413083,25198,387885,15888,8738,Y,2025-06-01 06:15:00
165,2025-06-01,2025-06-01,North America,Accessories,Store,POS,1074157,51560,1022597,27542,52330,Y,2025-06-01 06:15:00
166,2025-06-01,2025-06-01,North America,Accessories,Ecommerce,Digital Commerce,396260,24172,372088,10161,5589,Y,2025-06-01 06:15:00
167,2025-06-01,2025-06-01,North America,Seasonal,Store,POS,1261475,60551,1200924,40693,77317,Y,2025-06-01 06:15:00
168,2025-06-01,2025-06-01,North America,Seasonal,Ecommerce,Digital Commerce,460324,28080,432244,14849,8167,Y,2025-06-01 06:15:00
169,2025-06-01,2025-06-01,Europe,Fashion Jewelry,Store,POS,1228765,58981,1169784,39638,75312,Y,2025-06-01 06:15:00
170,2025-06-01,2025-06-01,Europe,Fashion Jewelry,Ecommerce,Digital Commerce,446431,27232,419199,14401,7921,Y,2025-06-01 06:15:00
171,2025-06-01,2025-06-01,Europe,Beauty,Store,POS,969295,46526,922769,37281,70834,Y,2025-06-01 06:15:00
172,2025-06-01,2025-06-01,Europe,Beauty,Ecommerce,Digital Commerce,359340,21920,337420,13821,7602,Y,2025-06-01 06:15:00
173,2025-06-01,2025-06-01,Europe,Accessories,Store,POS,928164,44552,883612,23799,45218,Y,2025-06-01 06:15:00
174,2025-06-01,2025-06-01,Europe,Accessories,Ecommerce,Digital Commerce,344728,21028,323700,8839,4861,Y,2025-06-01 06:15:00
175,2025-06-01,2025-06-01,Europe,Seasonal,Store,POS,1089460,52294,1037166,35144,66774,Y,2025-06-01 06:15:00
176,2025-06-01,2025-06-01,Europe,Seasonal,Ecommerce,Digital Commerce,399945,24397,375548,12901,7096,Y,2025-06-01 06:15:00
177,2025-06-01,2025-06-01,Asia,Fashion Jewelry,Store,POS,1126343,54064,1072279,36334,69035,Y,2025-06-01 06:15:00
178,2025-06-01,2025-06-01,Asia,Fashion Jewelry,Ecommerce,Digital Commerce,411066,25075,385991,13260,7293,Y,2025-06-01 06:15:00
179,2025-06-01,2025-06-01,Asia,Beauty,Store,POS,889260,42684,846576,34202,64984,Y,2025-06-01 06:15:00
180,2025-06-01,2025-06-01,Asia,Beauty,Ecommerce,Digital Commerce,331586,20227,311359,12753,7014,Y,2025-06-01 06:15:00
181,2025-06-01,2025-06-01,Asia,Accessories,Store,POS,851573,40876,810697,21835,41486,Y,2025-06-01 06:15:00
182,2025-06-01,2025-06-01,Asia,Accessories,Ecommerce,Digital Commerce,318146,19407,298739,8158,4487,Y,2025-06-01 06:15:00
183,2025-06-01,2025-06-01,Asia,Seasonal,Store,POS,999092,47956,951136,32229,61235,Y,2025-06-01 06:15:00
184,2025-06-01,2025-06-01,Asia,Seasonal,Ecommerce,Digital Commerce,368679,22489,346190,11893,6541,Y,2025-06-01 06:15:00
185,2025-06-01,2025-06-01,LATAM,Fashion Jewelry,Store,POS,968706,46498,922208,31249,59373,Y,2025-06-01 06:15:00
186,2025-06-01,2025-06-01,LATAM,Fashion Jewelry,Ecommerce,Digital Commerce,357740,21822,335918,11540,6347,Y,2025-06-01 06:15:00
187,2025-06-01,2025-06-01,LATAM,Beauty,Store,POS,766447,36789,729658,29479,56010,Y,2025-06-01 06:15:00
188,2025-06-01,2025-06-01,LATAM,Beauty,Ecommerce,Digital Commerce,290101,17696,272405,11158,6137,Y,2025-06-01 06:15:00
189,2025-06-01,2025-06-01,LATAM,Accessories,Store,POS,734117,35238,698879,18824,35766,Y,2025-06-01 06:15:00
190,2025-06-01,2025-06-01,LATAM,Accessories,Ecommerce,Digital Commerce,278481,16987,261494,7141,3928,Y,2025-06-01 06:15:00
191,2025-06-01,2025-06-01,LATAM,Seasonal,Store,POS,860206,41290,818916,27749,52723,Y,2025-06-01 06:15:00
192,2025-06-01,2025-06-01,LATAM,Seasonal,Ecommerce,Digital Commerce,321728,19625,302103,10378,5708,Y,2025-06-01 06:15:00
193,2025-07-01,2025-07-01,North America,Fashion Jewelry,Store,POS,1397213,67066,1330147,45071,85635,Y,2025-07-01 06:15:00
194,2025-07-01,2025-07-01,North America,Fashion Jewelry,Ecommerce,Digital Commerce,510415,31135,479280,16465,9056,Y,2025-07-01 06:15:00
195,2025-07-01,2025-07-01,North America,Beauty,Store,POS,1102868,52938,1049930,42418,80594,Y,2025-07-01 06:15:00
196,2025-07-01,2025-07-01,North America,Beauty,Ecommerce,Digital Commerce,411467,25099,386368,15826,8704,Y,2025-07-01 06:15:00
197,2025-07-01,2025-07-01,North America,Accessories,Store,POS,1056371,50706,1005665,27086,51463,Y,2025-07-01 06:15:00
198,2025-07-01,2025-07-01,North America,Accessories,Ecommerce,Digital Commerce,395031,24097,370934,10129,5571,Y,2025-07-01 06:15:00
199,2025-07-01,2025-07-01,North America,Seasonal,Store,POS,1239129,59478,1179651,39972,75947,Y,2025-07-01 06:15:00
200,2025-07-01,2025-07-01,North America,Seasonal,Ecommerce,Digital Commerce,457544,27910,429634,14759,8117,Y,2025-07-01 06:15:00
201,2025-07-01,2025-07-01,Europe,Fashion Jewelry,Store,POS,1207116,57942,1149174,38939,73984,Y,2025-07-01 06:15:00
202,2025-07-01,2025-07-01,Europe,Fashion Jewelry,Ecommerce,Digital Commerce,443888,27077,416811,14319,7875,Y,2025-07-01 06:15:00
203,2025-07-01,2025-07-01,Europe,Beauty,Store,POS,954024,45793,908231,36693,69717,Y,2025-07-01 06:15:00
204,2025-07-01,2025-07-01,Europe,Beauty,Ecommerce,Digital Commerce,358965,21897,337068,13806,7593,Y,2025-07-01 06:15:00
205,2025-07-01,2025-07-01,Europe,Accessories,Store,POS,913874,43866,870008,23433,44523,Y,2025-07-01 06:15:00
206,2025-07-01,2025-07-01,Europe,Accessories,Ecommerce,Digital Commerce,344687,21026,323661,8838,4861,Y,2025-07-01 06:15:00
207,2025-07-01,2025-07-01,Europe,Seasonal,Store,POS,1071245,51420,1019825,34556,65656,Y,2025-07-01 06:15:00
208,2025-07-01,2025-07-01,Europe,Seasonal,Ecommerce,Digital Commerce,398570,24313,374257,12857,7071,Y,2025-07-01 06:15:00
209,2025-07-01,2025-07-01,Asia,Fashion Jewelry,Store,POS,1107175,53144,1054031,35715,67858,Y,2025-07-01 06:15:00
210,2025-07-01,2025-07-01,Asia,Fashion Jewelry,Ecommerce,Digital Commerce,409367,24971,384396,13205,7263,Y,2025-07-01 06:15:00
211,2025-07-01,2025-07-01,Asia,Beauty,Store,POS,875924,42044,833880,33689,64009,Y,2025-07-01 06:15:00
212,2025-07-01,2025-07-01,Asia,Beauty,Ecommerce,Digital Commerce,331870,20244,311626,12764,7020,Y,2025-07-01 06:15:00
213,2025-07-01,2025-07-01,Asia,Accessories,Store,POS,839134,40278,798856,21516,40880,Y,2025-07-01 06:15:00
214,2025-07-01,2025-07-01,Asia,Accessories,Ecommerce,Digital Commerce,318734,19443,299291,8173,4495,Y,2025-07-01 06:15:00
215,2025-07-01,2025-07-01,Asia,Seasonal,Store,POS,983064,47187,935877,31712,60253,Y,2025-07-01 06:15:00
216,2025-07-01,2025-07-01,Asia,Seasonal,Ecommerce,Digital Commerce,368047,22451,345596,11872,6530,Y,2025-07-01 06:15:00
217,2025-07-01,2025-07-01,LATAM,Fashion Jewelry,Store,POS,953398,45763,907635,30755,58434,Y,2025-07-01 06:15:00
218,2025-07-01,2025-07-01,LATAM,Fashion Jewelry,Ecommerce,Digital Commerce,357353,21799,335554,11528,6340,Y,2025-07-01 06:15:00
219,2025-07-01,2025-07-01,LATAM,Beauty,Store,POS,756120,36294,719826,29082,55256,Y,2025-07-01 06:15:00
220,2025-07-01,2025-07-01,LATAM,Beauty,Ecommerce,Digital Commerce,291407,17776,273631,11208,6164,Y,2025-07-01 06:15:00
221,2025-07-01,2025-07-01,LATAM,Accessories,Store,POS,724557,34779,689778,18578,35298,Y,2025-07-01 06:15:00
222,2025-07-01,2025-07-01,LATAM,Accessories,Ecommerce,Digital Commerce,280049,17083,262966,7181,3950,Y,2025-07-01 06:15:00
223,2025-07-01,2025-07-01,LATAM,Seasonal,Store,POS,847580,40684,806896,27341,51948,Y,2025-07-01 06:15:00
224,2025-07-01,2025-07-01,LATAM,Seasonal,Ecommerce,Digital Commerce,322253,19657,302596,10395,5717,Y,2025-07-01 06:15:00
225,2025-08-01,2025-08-01,North America,Fashion Jewelry,Store,POS,1376749,66084,1310665,44411,84381,Y,2025-08-01 06:15:00
226,2025-08-01,2025-08-01,North America,Fashion Jewelry,Ecommerce,Digital Commerce,508275,31005,477270,16396,9018,Y,2025-08-01 06:15:00
227,2025-08-01,2025-08-01,North America,Beauty,Store,POS,1088522,52249,1036273,41866,79545,Y,2025-08-01 06:15:00
228,2025-08-01,2025-08-01,North America,Beauty,Ecommerce,Digital Commerce,411407,25096,386311,15823,8703,Y,2025-08-01 06:15:00
229,2025-08-01,2025-08-01,North America,Accessories,Store,POS,1042966,50062,992904,26743,50812,Y,2025-08-01 06:15:00
230,2025-08-01,2025-08-01,North America,Accessories,Ecommerce,Digital Commerce,395291,24113,371178,10136,5575,Y,2025-08-01 06:15:00
231,2025-08-01,2025-08-01,North America,Seasonal,Store,POS,1221959,58654,1163305,39418,74894,Y,2025-08-01 06:15:00
232,2025-08-01,2025-08-01,North America,Seasonal,Ecommerce,Digital Commerce,456525,27848,428677,14727,8100,Y,2025-08-01 06:15:00
233,2025-08-01,2025-08-01,Europe,Fashion Jewelry,Store,POS,1190520,57145,1133375,38404,72968,Y,2025-08-01 06:15:00
234,2025-08-01,2025-08-01,Europe,Fashion Jewelry,Ecommerce,Digital Commerce,443063,27027,416036,14292,7861,Y,2025-08-01 06:15:00
235,2025-08-01,2025-08-01,Europe,Beauty,Store,POS,942694,45249,897445,36257,68888,Y,2025-08-01 06:15:00
236,2025-08-01,2025-08-01,Europe,Beauty,Ecommerce,Digital Commerce,359931,21956,337975,13844,7614,Y,2025-08-01 06:15:00
237,2025-08-01,2025-08-01,Europe,Accessories,Store,POS,903354,43361,859993,23163,44010,Y,2025-08-01 06:15:00
238,2025-08-01,2025-08-01,Europe,Accessories,Ecommerce,Digital Commerce,345929,21102,324827,8870,4878,Y,2025-08-01 06:15:00
239,2025-08-01,2025-08-01,Europe,Seasonal,Store,POS,1057485,50759,1006726,34112,64813,Y,2025-08-01 06:15:00
240,2025-08-01,2025-08-01,Europe,Seasonal,Ecommerce,Digital Commerce,398709,24321,374388,12862,7074,Y,2025-08-01 06:15:00
241,2025-08-01,2025-08-01,Asia,Fashion Jewelry,Store,POS,1092628,52446,1040182,35246,66967,Y,2025-08-01 06:15:00
242,2025-08-01,2025-08-01,Asia,Fashion Jewelry,Ecommerce,Digital Commerce,409239,24964,384275,13201,7261,Y,2025-08-01 06:15:00
243,2025-08-01,2025-08-01,Asia,Beauty,Store,POS,866191,41577,824614,33315,63298,Y,2025-08-01 06:15:00
244,2025-08-01,2025-08-01,Asia,Beauty,Ecommerce,Digital Commerce,333379,20336,313043,12822,7052,Y,2025-08-01 06:15:00
245,2025-08-01,2025-08-01,Asia,Accessories,Store,POS,830141,39847,790294,21286,40443,Y,2025-08-01 06:15:00
246,2025-08-01,2025-08-01,Asia,Accessories,Ecommerce,Digital Commerce,320495,19550,300945,8218,4520,Y,2025-08-01 06:15:00
247,2025-08-01,2025-08-01,Asia,Seasonal,Store,POS,971109,46613,924496,31326,59519,Y,2025-08-01 06:15:00
248,2025-08-01,2025-08-01,Asia,Seasonal,Ecommerce,Digital Commerce,368800,22497,346303,11897,6543,Y,2025-08-01 06:15:00
249,2025-08-01,2025-08-01,LATAM,Fashion Jewelry,Store,POS,942037,45218,896819,30388,57737,Y,2025-08-01 06:15:00
250,2025-08-01,2025-08-01,LATAM,Fashion Jewelry,Ecommerce,Digital Commerce,358308,21857,336451,11558,6357,Y,2025-08-01 06:15:00
251,2025-08-01,2025-08-01,LATAM,Beauty,Store,POS,748871,35946,712925,28803,54726,Y,2025-08-01 06:15:00
252,2025-08-01,2025-08-01,LATAM,Beauty,Ecommerce,Digital Commerce,293761,17919,275842,11298,6214,Y,2025-08-01 06:15:00
253,2025-08-01,2025-08-01,LATAM,Accessories,Store,POS,717940,34461,683479,18409,34977,Y,2025-08-01 06:15:00
254,2025-08-01,2025-08-01,LATAM,Accessories,Ecommerce,Digital Commerce,282617,17240,265377,7247,3986,Y,2025-08-01 06:15:00
255,2025-08-01,2025-08-01,LATAM,Seasonal,Store,POS,838433,40245,798188,27046,51387,Y,2025-08-01 06:15:00
256,2025-08-01,2025-08-01,LATAM,Seasonal,Ecommerce,Digital Commerce,323961,19762,304199,10450,5748,Y,2025-08-01 06:15:00
257,2025-09-01,2025-09-01,North America,Fashion Jewelry,Store,POS,1368956,65710,1303246,44160,83904,Y,2025-09-01 06:15:00
258,2025-09-01,2025-09-01,North America,Fashion Jewelry,Ecommerce,Digital Commerce,510444,31137,479307,16466,9056,Y,2025-09-01 06:15:00
259,2025-09-01,2025-09-01,North America,Beauty,Store,POS,1084054,52035,1032019,41694,79219,Y,2025-09-01 06:15:00
260,2025-09-01,2025-09-01,North America,Beauty,Ecommerce,Digital Commerce,414706,25297,389409,15950,8772,Y,2025-09-01 06:15:00
261,2025-09-01,2025-09-01,North America,Accessories,Store,POS,1039010,49872,989138,26641,50618,Y,2025-09-01 06:15:00
262,2025-09-01,2025-09-01,North America,Accessories,Ecommerce,Digital Commerce,398764,24325,374439,10225,5624,Y,2025-09-01 06:15:00
263,2025-09-01,2025-09-01,North America,Seasonal,Store,POS,1215956,58366,1157590,39224,74526,Y,2025-09-01 06:15:00
264,2025-09-01,2025-09-01,North America,Seasonal,Ecommerce,Digital Commerce,459302,28017,431285,14816,8149,Y,2025-09-01 06:15:00
265,2025-09-01,2025-09-01,Europe,Fashion Jewelry,Store,POS,1184830,56872,1127958,38220,72618,Y,2025-09-01 06:15:00
266,2025-09-01,2025-09-01,Europe,Fashion Jewelry,Ecommerce,Digital Commerce,445947,27203,418744,14385,7912,Y,2025-09-01 06:15:00
267,2025-09-01,2025-09-01,Europe,Beauty,Store,POS,939866,45114,894752,36149,68683,Y,2025-09-01 06:15:00
268,2025-09-01,2025-09-01,Europe,Beauty,Ecommerce,Digital Commerce,363788,22191,341597,13992,7696,Y,2025-09-01 06:15:00
269,2025-09-01,2025-09-01,Europe,Accessories,Store,POS,900966,43246,857720,23102,43894,Y,2025-09-01 06:15:00
270,2025-09-01,2025-09-01,Europe,Accessories,Ecommerce,Digital Commerce,349935,21346,328589,8973,4935,Y,2025-09-01 06:15:00
271,2025-09-01,2025-09-01,Europe,Seasonal,Store,POS,1053336,50560,1002776,33979,64560,Y,2025-09-01 06:15:00
272,2025-09-01,2025-09-01,Europe,Seasonal,Ecommerce,Digital Commerce,402116,250000,152116,12971,7134,Y,2025-09-01 06:15:00
273,2025-09-01,2025-09-01,Asia,Fashion Jewelry,Store,POS,1088051,52226,1035825,35098,66686,Y,2025-09-01 06:15:00
274,2025-09-01,2025-09-01,Asia,Fashion Jewelry,Ecommerce,Digital Commerce,412501,25163,387338,13306,7318,Y,2025-09-01 06:15:00
275,2025-09-01,2025-09-01,Asia,Beauty,Store,POS,864231,41483,822748,33240,63156,Y,2025-09-01 06:15:00
276,2025-09-01,2025-09-01,Asia,Beauty,Ecommerce,Digital Commerce,337530,20589,316941,12982,7140,Y,2025-09-01 06:15:00
277,2025-09-01,2025-09-01,Asia,Accessories,Store,POS,828584,39772,788812,21246,40367,Y,2025-09-01 06:15:00
278,2025-09-01,2025-09-01,Asia,Accessories,Ecommerce,Digital Commerce,324783,19812,304971,8328,4580,Y,2025-09-01 06:15:00
279,2025-09-01,2025-09-01,Asia,Seasonal,Store,POS,967942,46461,921481,31224,59326,Y,2025-09-01 06:15:00
280,2025-09-01,2025-09-01,Asia,Seasonal,Ecommerce,Digital Commerce,372541,22725,349816,12017,6609,Y,2025-09-01 06:15:00
281,2025-09-01,2025-09-01,LATAM,Fashion Jewelry,Store,POS,939192,45081,894111,30297,57564,Y,2025-09-01 06:15:00
282,2025-09-01,2025-09-01,LATAM,Fashion Jewelry,Ecommerce,Digital Commerce,362159,22092,340067,11683,6426,Y,2025-09-01 06:15:00
283,2025-09-01,2025-09-01,LATAM,Beauty,Store,POS,748261,35917,712344,28779,54680,Y,2025-09-01 06:15:00
284,2025-09-01,2025-09-01,LATAM,Beauty,Ecommerce,Digital Commerce,298371,18201,280170,11476,6312,Y,2025-09-01 06:15:00
285,2025-09-01,2025-09-01,LATAM,Accessories,Store,POS,717674,34448,683226,18402,34964,Y,2025-09-01 06:15:00
286,2025-09-01,2025-09-01,LATAM,Accessories,Ecommerce,Digital Commerce,287345,17528,269817,7368,4052,Y,2025-09-01 06:15:00
287,2025-09-01,2025-09-01,LATAM,Seasonal,Store,POS,836792,40166,796626,26993,51287,Y,2025-09-01 06:15:00
288,2025-09-01,2025-09-01,LATAM,Seasonal,Ecommerce,Digital Commerce,328221,20021,308200,10588,5823,Y,2025-09-01 06:15:00
289,2025-10-01,2025-10-01,North America,Fashion Jewelry,Store,POS,1377528,66121,1311407,44436,84428,Y,2025-10-01 06:15:00
290,2025-10-01,2025-10-01,North America,Fashion Jewelry,Ecommerce,Digital Commerce,518176,31609,486567,16715,9193,Y,2025-10-01 06:15:00
291,2025-10-01,2025-10-01,North America,Beauty,Store,POS,1092346,52433,1039913,42013,79825,Y,2025-10-01 06:15:00
292,2025-10-01,2025-10-01,North America,Beauty,Ecommerce,Digital Commerce,422343,25763,396580,16244,8934,Y,2025-10-01 06:15:00
293,2025-10-01,2025-10-01,North America,Accessories,Store,POS,1047259,50268,996991,26853,51021,Y,2025-10-01 06:15:00
294,2025-10-01,2025-10-01,North America,Accessories,Ecommerce,Digital Commerce,406386,24790,381596,10420,5731,Y,2025-10-01 06:15:00
295,2025-10-01,2025-10-01,North America,Seasonal,Store,POS,1224378,58770,1165608,39496,75042,Y,2025-10-01 06:15:00
296,2025-10-01,2025-10-01,North America,Seasonal,Ecommerce,Digital Commerce,466983,28486,438497,15064,8285,Y,2025-10-01 06:15:00
297,2025-10-01,2025-10-01,Europe,Fashion Jewelry,Store,POS,1193225,57275,1135950,38491,73133,Y,2025-10-01 06:15:00
298,2025-10-01,2025-10-01,Europe,Fashion Jewelry,Ecommerce,Digital Commerce,453619,27671,425948,14633,8048,Y,2025-10-01 06:15:00
299,2025-10-01,2025-10-01,Europe,Beauty,Store,POS,948020,45505,902515,36462,69278,Y,2025-10-01 06:15:00
300,2025-10-01,2025-10-01,Europe,Beauty,Ecommerce,Digital Commerce,371378,22654,348724,14284,7856,Y,2025-10-01 06:15:00
301,2025-10-01,2025-10-01,Europe,Accessories,Store,POS,909083,43636,865447,23310,44289,Y,2025-10-01 06:15:00
302,2025-10-01,2025-10-01,Europe,Accessories,Ecommerce,Digital Commerce,357512,21808,335704,9167,5042,Y,2025-10-01 06:15:00
303,2025-10-01,2025-10-01,Europe,Seasonal,Store,POS,1061601,50957,1010644,34245,65066,Y,2025-10-01 06:15:00
304,2025-10-01,2025-10-01,Europe,Seasonal,Ecommerce,Digital Commerce,409745,24994,384751,13218,7270,Y,2025-10-01 06:15:00
305,2025-10-01,2025-10-01,Asia,Fashion Jewelry,Store,POS,1096352,52625,1043727,35366,67195,Y,2025-10-01 06:15:00
306,2025-10-01,2025-10-01,Asia,Fashion Jewelry,Ecommerce,Digital Commerce,420141,25629,394512,13553,7454,Y,2025-10-01 06:15:00
307,2025-10-01,2025-10-01,Asia,Beauty,Store,POS,872311,41871,830440,33550,63745,Y,2025-10-01 06:15:00
308,2025-10-01,2025-10-01,Asia,Beauty,Ecommerce,Digital Commerce,345096,21051,324045,13273,7300,Y,2025-10-01 06:15:00
309,2025-10-01,2025-10-01,Asia,Accessories,Store,POS,836630,40158,796472,21452,40759,Y,2025-10-01 06:15:00
310,2025-10-01,2025-10-01,Asia,Accessories,Ecommerce,Digital Commerce,332337,20273,312064,8521,4687,Y,2025-10-01 06:15:00
311,2025-10-01,2025-10-01,Asia,Seasonal,Store,POS,976124,46854,929270,31488,59827,Y,2025-10-01 06:15:00
312,2025-10-01,2025-10-01,Asia,Seasonal,Ecommerce,Digital Commerce,380141,23189,356952,12263,6745,Y,2025-10-01 06:15:00
313,2025-10-01,2025-10-01,LATAM,Fashion Jewelry,Store,POS,947347,45473,901874,30560,58064,Y,2025-10-01 06:15:00
314,2025-10-01,2025-10-01,LATAM,Fashion Jewelry,Ecommerce,Digital Commerce,369750,22555,347195,11927,6560,Y,2025-10-01 06:15:00
315,2025-10-01,2025-10-01,LATAM,Beauty,Store,POS,756228,36299,719929,29086,55263,Y,2025-10-01 06:15:00
316,2025-10-01,2025-10-01,LATAM,Beauty,Ecommerce,Digital Commerce,305898,18660,287238,11765,6471,Y,2025-10-01 06:15:00
317,2025-10-01,2025-10-01,LATAM,Accessories,Store,POS,725612,34829,690783,18605,35350,Y,2025-10-01 06:15:00
318,2025-10-01,2025-10-01,LATAM,Accessories,Ecommerce,Digital Commerce,294862,17987,276875,7561,4159,Y,2025-10-01 06:15:00
319,2025-10-01,2025-10-01,LATAM,Seasonal,Store,POS,844846,40553,804293,27253,51781,Y,2025-10-01 06:15:00
320,2025-10-01,2025-10-01,LATAM,Seasonal,Ecommerce,Digital Commerce,335777,20482,315295,10832,5958,Y,2025-10-01 06:15:00
321,2025-11-01,2025-11-01,North America,Fashion Jewelry,Store,POS,1402154,67303,1334851,45231,85939,Y,2025-11-01 06:15:00
322,2025-11-01,2025-11-01,North America,Fashion Jewelry,Ecommerce,Digital Commerce,531367,32413,498954,17141,9428,Y,2025-11-01 06:15:00
323,2025-11-01,2025-11-01,North America,Beauty,Store,POS,1113155,53431,1059724,42814,81347,Y,2025-11-01 06:15:00
324,2025-11-01,2025-11-01,North America,Beauty,Ecommerce,Digital Commerce,434236,26488,407748,16701,9186,Y,2025-11-01 06:15:00
325,2025-11-01,2025-11-01,North America,Accessories,Store,POS,1067480,51239,1016241,27371,52005,Y,2025-11-01 06:15:00
326,2025-11-01,2025-11-01,North America,Accessories,Ecommerce,Digital Commerce,418080,25503,392577,10720,5896,Y,2025-11-01 06:15:00
327,2025-11-01,2025-11-01,North America,Seasonal,Store,POS,1246948,59854,1187094,40224,76426,Y,2025-11-01 06:15:00
328,2025-11-01,2025-11-01,North America,Seasonal,Ecommerce,Digital Commerce,479475,29248,450227,15467,8507,Y,2025-11-01 06:15:00
329,2025-11-01,2025-11-01,Europe,Fashion Jewelry,Store,POS,1215437,58341,1157096,39208,74495,Y,2025-11-01 06:15:00
330,2025-11-01,2025-11-01,Europe,Fashion Jewelry,Ecommerce,Digital Commerce,465989,28425,437564,15032,8268,Y,2025-11-01 06:15:00
331,2025-11-01,2025-11-01,Europe,Beauty,Store,POS,966946,46413,920533,37190,70661,Y,2025-11-01 06:15:00
332,2025-11-01,2025-11-01,Europe,Beauty,Ecommerce,Digital Commerce,382631,23340,359291,14717,8094,Y,2025-11-01 06:15:00
333,2025-11-01,2025-11-01,Europe,Accessories,Store,POS,927504,44520,882984,23782,45186,Y,2025-11-01 06:15:00
334,2025-11-01,2025-11-01,Europe,Accessories,Ecommerce,Digital Commerce,368594,22484,346110,9451,5198,Y,2025-11-01 06:15:00
335,2025-11-01,2025-11-01,Europe,Seasonal,Store,POS,1082044,51938,1030106,34905,66320,Y,2025-11-01 06:15:00
336,2025-11-01,2025-11-01,Europe,Seasonal,Ecommerce,Digital Commerce,421513,25712,395801,13597,7478,Y,2025-11-01 06:15:00
337,2025-11-01,2025-11-01,Asia,Fashion Jewelry,Store,POS,1117286,53630,1063656,36041,68478,Y,2025-11-01 06:15:00
338,2025-11-01,2025-11-01,Asia,Fashion Jewelry,Ecommerce,Digital Commerce,432077,26357,405720,13938,7666,Y,2025-11-01 06:15:00
339,2025-11-01,2025-11-01,Asia,Beauty,Store,POS,890241,42732,847509,34240,65056,Y,2025-11-01 06:15:00
340,2025-11-01,2025-11-01,Asia,Beauty,Ecommerce,Digital Commerce,356010,21717,334293,13693,7531,Y,2025-11-01 06:15:00
341,2025-11-01,2025-11-01,Asia,Accessories,Store,POS,854098,40997,813101,21900,41610,Y,2025-11-01 06:15:00
342,2025-11-01,2025-11-01,Asia,Accessories,Ecommerce,Digital Commerce,343094,20929,322165,8797,4838,Y,2025-11-01 06:15:00
343,2025-11-01,2025-11-01,Asia,Seasonal,Store,POS,995440,47781,947659,32111,61011,Y,2025-11-01 06:15:00
344,2025-11-01,2025-11-01,Asia,Seasonal,Ecommerce,Digital Commerce,391527,23883,367644,12630,6947,Y,2025-11-01 06:15:00
345,2025-11-01,2025-11-01,LATAM,Fashion Jewelry,Store,POS,966293,46382,919911,31171,59225,Y,2025-11-01 06:15:00
346,2025-11-01,2025-11-01,LATAM,Fashion Jewelry,Ecommerce,Digital Commerce,381010,23242,357768,12291,6760,Y,2025-11-01 06:15:00
347,2025-11-01,2025-11-01,LATAM,Beauty,Store,POS,772608,37085,735523,29716,56460,Y,2025-11-01 06:15:00
348,2025-11-01,2025-11-01,LATAM,Beauty,Ecommerce,Digital Commerce,316285,19293,296992,12165,6691,Y,2025-11-01 06:15:00
349,2025-11-01,2025-11-01,LATAM,Accessories,Store,POS,741597,35597,706000,19015,36128,Y,2025-11-01 06:15:00
350,2025-11-01,2025-11-01,LATAM,Accessories,Ecommerce,Digital Commerce,305115,18612,286503,7823,4303,Y,2025-11-01 06:15:00
351,2025-11-01,2025-11-01,LATAM,Seasonal,Store,POS,862410,41396,821014,27820,52858,Y,2025-11-01 06:15:00
352,2025-11-01,2025-11-01,LATAM,Seasonal,Ecommerce,Digital Commerce,346567,21141,325426,11180,6149,Y,2025-11-01 06:15:00
353,2025-12-01,2025-12-01,North America,Fashion Jewelry,Store,POS,1438593,69052,1369541,46406,88171,Y,2025-12-01 06:15:00
354,2025-12-01,2025-12-01,North America,Fashion Jewelry,Ecommerce,Digital Commerce,548575,33463,515112,17696,9733,Y,2025-12-01 06:15:00
355,2025-12-01,2025-12-01,North America,Beauty,Store,POS,1143173,54872,1088301,43968,83539,Y,2025-12-01 06:15:00
356,2025-12-01,2025-12-01,North America,Beauty,Ecommerce,Digital Commerce,449260,27405,421855,17279,9503,Y,2025-12-01 06:15:00
357,2025-12-01,2025-12-01,North America,Accessories,Store,POS,1096511,52633,1043878,28116,53420,Y,2025-12-01 06:15:00
358,2025-12-01,2025-12-01,North America,Accessories,Ecommerce,Digital Commerce,432768,26399,406369,11097,6103,Y,2025-12-01 06:15:00
359,2025-12-01,2025-12-01,North America,Seasonal,Store,POS,1279930,61437,1218493,41288,78447,Y,2025-12-01 06:15:00
360,2025-12-01,2025-12-01,North America,Seasonal,Ecommerce,Digital Commerce,495507,30226,465281,15984,8791,Y,2025-12-01 06:15:00
361,2025-12-01,2025-12-01,Europe,Fashion Jewelry,Store,POS,1247816,59895,1187921,40252,76479,Y,2025-12-01 06:15:00
362,2025-12-01,2025-12-01,Europe,Fashion Jewelry,Ecommerce,Digital Commerce,481816,29391,452425,15542,8548,Y,2025-12-01 06:15:00
363,2025-12-01,2025-12-01,Europe,Beauty,Store,POS,993799,47702,946097,38223,72624,Y,2025-12-01 06:15:00
364,2025-12-01,2025-12-01,Europe,Beauty,Ecommerce,Digital Commerce,396579,24191,372388,15253,8389,Y,2025-12-01 06:15:00
365,2025-12-01,2025-12-01,Europe,Accessories,Store,POS,953506,45768,907738,24449,46453,Y,2025-12-01 06:15:00
366,2025-12-01,2025-12-01,Europe,Accessories,Ecommerce,Digital Commerce,382252,23317,358935,9801,5391,Y,2025-12-01 06:15:00
367,2025-12-01,2025-12-01,Europe,Seasonal,Store,POS,1111447,53349,1058098,35853,68121,Y,2025-12-01 06:15:00
368,2025-12-01,2025-12-01,Europe,Seasonal,Ecommerce,Digital Commerce,436328,26616,409712,14075,7741,Y,2025-12-01 06:15:00
369,2025-12-01,2025-12-01,Asia,Fashion Jewelry,Store,POS,1147515,55081,1092434,37017,70332,Y,2025-12-01 06:15:00
370,2025-12-01,2025-12-01,Asia,Fashion Jewelry,Ecommerce,Digital Commerce,447173,27278,419895,14425,7934,Y,2025-12-01 06:15:00
371,2025-12-01,2025-12-01,Asia,Beauty,Store,POS,915418,43940,871478,35208,66895,Y,2025-12-01 06:15:00
372,2025-12-01,2025-12-01,Asia,Beauty,Ecommerce,Digital Commerce,369388,22533,346855,14207,7814,Y,2025-12-01 06:15:00
373,2025-12-01,2025-12-01,Asia,Accessories,Store,POS,878498,42168,836330,22526,42799,Y,2025-12-01 06:15:00
374,2025-12-01,2025-12-01,Asia,Accessories,Ecommerce,Digital Commerce,356208,21729,334479,9134,5024,Y,2025-12-01 06:15:00
375,2025-12-01,2025-12-01,Asia,Seasonal,Store,POS,1022949,49102,973847,32998,62696,Y,2025-12-01 06:15:00
376,2025-12-01,2025-12-01,Asia,Seasonal,Ecommerce,Digital Commerce,405698,24748,380950,13087,7198,Y,2025-12-01 06:15:00
377,2025-12-01,2025-12-01,LATAM,Fashion Jewelry,Store,POS,993178,47673,945505,32038,60872,Y,2025-12-01 06:15:00
378,2025-12-01,2025-12-01,LATAM,Fashion Jewelry,Ecommerce,Digital Commerce,394968,24093,370875,12741,7008,Y,2025-12-01 06:15:00
379,2025-12-01,2025-12-01,LATAM,Beauty,Store,POS,795177,38168,757009,30584,58110,Y,2025-12-01 06:15:00
380,2025-12-01,2025-12-01,LATAM,Beauty,Ecommerce,Digital Commerce,328777,20055,308722,12645,6955,Y,2025-12-01 06:15:00
381,2025-12-01,2025-12-01,LATAM,Accessories,Store,POS,763503,36648,726855,19577,37196,Y,2025-12-01 06:15:00
382,2025-12-01,2025-12-01,LATAM,Accessories,Ecommerce,Digital Commerce,317381,19360,298021,8138,4476,Y,2025-12-01 06:15:00
383,2025-12-01,2025-12-01,LATAM,Seasonal,Store,POS,886971,42575,844396,28612,54363,Y,2025-12-01 06:15:00
384,2025-12-01,2025-12-01,LATAM,Seasonal,Ecommerce,Digital Commerce,359736,21944,337792,11604,6382,Y,2025-12-01 06:15:00
